code_FT,code_3digit,ISO3,ISO2,FIPS,name_FT,population,population_old,population_old_year,population_old_source,centroid_latitude,centroid_longitude,wbregion,UN_id,source_FT,vac_data
ZZZ,WLD,,,XX,World,7673656870.0,,,,,,,1.0,ft_meta,TRUE
ABW,ABW,ABW,AW,AA,Aruba,106314.0,106314.0,2019.0,World Bank,12.52111,-69.968338,Latin America & Caribbean,533.0,ft_meta,TRUE
AFG,AFG,AFG,AF,AF,Afghanistan,38041754.0,38041754.0,2019.0,World Bank,33.93911,67.709953,South Asia,4.0,ft_meta,TRUE
AGO,AGO,AGO,AO,AO,Angola,31825295.0,31825295.0,2019.0,World Bank,-11.202692,17.873887,Sub-Saharan Africa,24.0,ft_meta,TRUE
AIA,AIA,AIA,AI,AV,Anguilla,15002.0,14872.0,2018.0,UN Population Division,18.22193,-63.067339,,660.0,ft_meta,TRUE
ALA,ALA,ALA,AX,–,Åland Islands,29789.0,29789.0,2019.0,Åland Islands statistical yearbook 2019,60.245226,20.413748,,248.0,ft_meta,FALSE
ALB,ALB,ALB,AL,AL,Albania,2854191.0,2854191.0,2019.0,World Bank,41.153332,20.168331,Europe & Central Asia,8.0,ft_meta,TRUE
AND,AND,AND,AD,AN,Andorra,77142.0,77142.0,2019.0,World Bank,42.546245,1.601554,Europe & Central Asia,20.0,ft_meta,TRUE
ARE,ARE,ARE,AE,AE,United Arab Emirates,9770529.0,9770529.0,2019.0,World Bank,23.424076,53.847818,Middle East & North Africa,784.0,ft_meta,TRUE
ARG,ARG,ARG,AR,AR,Argentina,44938712.0,44938712.0,2019.0,World Bank,-38.416097,-63.616672,Latin America & Caribbean,32.0,ft_meta,TRUE
ARM,ARM,ARM,AM,AM,Armenia,2957731.0,2957731.0,2019.0,World Bank,40.069099,45.038189,Europe & Central Asia,51.0,ft_meta,TRUE
ASM,ASM,ASM,AS,AQ,American Samoa,55312.0,55312.0,2019.0,World Bank,-14.270972,-170.132217,East Asia & Pacific,16.0,ft_meta,TRUE
ATA,ATA,ATA,AQ,AY,Antarctica,1000.0,1000.0,,Wikipedia,-80.508,19.908,,10.0,ft_meta,FALSE
ATG,ATG,ATG,AG,AC,Antigua and Barbuda,97118.0,97118.0,2019.0,World Bank,17.060816,-61.796428,Latin America & Caribbean,28.0,ft_meta,TRUE
AUS,AUS,AUS,AU,AS,Australia,25364307.0,25364307.0,2019.0,World Bank,-25.274398,133.775136,East Asia & Pacific,36.0,ft_meta,TRUE
AUT,AUT,AUT,AT,AU,Austria,8877067.0,8877067.0,2019.0,World Bank,47.516231,14.550072,Europe & Central Asia,40.0,ft_meta,TRUE
AZE,AZE,AZE,AZ,AJ,Azerbaijan,10023318.0,10023318.0,2019.0,World Bank,40.143105,47.576927,Europe & Central Asia,31.0,ft_meta,TRUE
BDI,BDI,BDI,BI,BY,Burundi,11530580.0,11530580.0,2019.0,World Bank,-3.373056,29.918886,Sub-Saharan Africa,108.0,ft_meta,TRUE
BEL,BEL,BEL,BE,BE,Belgium,11484055.0,11484055.0,2019.0,World Bank,50.503887,4.469936,Europe & Central Asia,56.0,ft_meta,TRUE
BEN,BEN,BEN,BJ,BN,Benin,11801151.0,11801151.0,2019.0,World Bank,9.30769,2.315834,Sub-Saharan Africa,204.0,ft_meta,TRUE
BES,BES,BES,BQ,–,"Bonaire, Sint Eustatius and Saba",25987.0,25983.0,2018.0,UN Population Division,,,,535.0,ft_meta,FALSE
BFA,BFA,BFA,BF,UV,Burkina Faso,20321378.0,20321378.0,2019.0,World Bank,12.238333,-1.561593,Sub-Saharan Africa,854.0,ft_meta,TRUE
BGD,BGD,BGD,BD,BG,Bangladesh,163046161.0,163046161.0,2019.0,World Bank,23.684994,90.356331,South Asia,50.0,ft_meta,TRUE
BGR,BGR,BGR,BG,BU,Bulgaria,6975761.0,6975761.0,2019.0,World Bank,42.733883,25.48583,Europe & Central Asia,100.0,ft_meta,TRUE
BHR,BHR,BHR,BH,BA,Bahrain,1641172.0,1641172.0,2019.0,World Bank,25.930414,50.637772,Middle East & North Africa,48.0,ft_meta,TRUE
BHS,BHS,BHS,BS,BF,Bahamas,389482.0,389482.0,2019.0,World Bank,25.03428,-77.39628,Latin America & Caribbean,44.0,ft_meta,TRUE
BIH,BIH,BIH,BA,BK,Bosnia and Herzegovina,3301000.0,3301000.0,2019.0,World Bank,43.915886,17.679076,Europe & Central Asia,70.0,ft_meta,TRUE
BLM,BLM,BLM,BL,TB,St Barthelemy,9885.0,9853.0,,UN Population Division,17.897323,-62.825426,,652.0,ft_meta,FALSE
BLR,BLR,BLR,BY,BO,Belarus,9466856.0,9466856.0,2019.0,World Bank,53.709807,27.953389,Europe & Central Asia,112.0,ft_meta,TRUE
BLZ,BLZ,BLZ,BZ,BH,Belize,390353.0,390353.0,2019.0,World Bank,17.189877,-88.49765,Latin America & Caribbean,84.0,ft_meta,TRUE
BMU,BMU,BMU,BM,BD,Bermuda,63918.0,63918.0,2019.0,World Bank,32.321384,-64.75737,North America,60.0,ft_meta,TRUE
BOL,BOL,BOL,BO,BL,Bolivia,11513100.0,11513100.0,2019.0,World Bank,-16.290154,-63.588653,Latin America & Caribbean,68.0,ft_meta,TRUE
BRA,BRA,BRA,BR,BR,Brazil,211049527.0,211049527.0,2019.0,World Bank,-14.235004,-51.92528,Latin America & Caribbean,76.0,ft_meta,TRUE
BRB,BRB,BRB,BB,BB,Barbados,287025.0,287025.0,2019.0,World Bank,13.193887,-59.543198,Latin America & Caribbean,52.0,ft_meta,TRUE
BRN,BRN,BRN,BN,BX,Brunei,433285.0,433285.0,2019.0,World Bank,4.535277,114.727669,East Asia & Pacific,96.0,ft_meta,TRUE
BTN,BTN,BTN,BT,BT,Bhutan,763092.0,763092.0,2019.0,World Bank,27.514162,90.433601,South Asia,64.0,ft_meta,TRUE
BWA,BWA,BWA,BW,BC,Botswana,2303697.0,2303697.0,2019.0,World Bank,-22.328474,24.684866,Sub-Saharan Africa,72.0,ft_meta,TRUE
CAF,CAF,CAF,CF,CT,Central African Republic,4745185.0,4745185.0,2019.0,World Bank,6.611111,20.939444,Sub-Saharan Africa,140.0,ft_meta,TRUE
CAN,CAN,CAN,CA,CA,Canada,37593384.0,37589262.0,2019.0,World Bank,56.130366,-106.346771,North America,124.0,ft_meta,TRUE
CCK,CCK,CCK,CC,CK,Cocos (Keeling) Islands,544.0,544.0,2016.0,Australian Bureau of Statistics,-12.139493,96.86254,,166.0,ft_meta,FALSE
CHE,CHE,CHE,CH,SZ,Switzerland,8574832.0,8574832.0,2019.0,World Bank,46.818188,8.227512,Europe & Central Asia,756.0,ft_meta,TRUE
CHI,CHI,CHI,JG,,Channel Islands,172259.0,172259.0,2019.0,World Bank,,,Europe & Central Asia,830.0,ft_meta,FALSE
CHL,CHL,CHL,CL,CI,Chile,18952038.0,18952038.0,2019.0,World Bank,-35.675147,-71.542969,Latin America & Caribbean,152.0,ft_meta,TRUE
CHN,CHN,CHN,CN,CH,China,1397715000.0,1397715000.0,2019.0,World Bank,35.86166,104.195397,East Asia & Pacific,156.0,ft_meta,TRUE
CIV,CIV,CIV,CI,IV,Ivory Coast,25716544.0,25716544.0,2019.0,World Bank,7.539989,-5.54708,Sub-Saharan Africa,384.0,ft_meta,TRUE
CMR,CMR,CMR,CM,CM,Cameroon,25876380.0,25876380.0,2019.0,World Bank,7.369722,12.354722,Sub-Saharan Africa,120.0,ft_meta,TRUE
COD,COD,COD,CD,CG,Democratic Republic of Congo,86790567.0,86790567.0,2019.0,World Bank,-4.038333,21.758664,Sub-Saharan Africa,180.0,ft_meta,TRUE
COG,COG,COG,CG,CF,Republic of the Congo,5380508.0,5380508.0,2019.0,World Bank,-0.228021,15.827659,Sub-Saharan Africa,178.0,ft_meta,TRUE
COK,COK,COK,CK,CW,Cook Islands,17564.0,17547.0,2018.0,UN Population Division,-20.58481,-159.004034,,184.0,ft_meta,TRUE
COL,COL,COL,CO,CO,Colombia,50339443.0,50339443.0,2019.0,World Bank,4.570868,-74.297333,Latin America & Caribbean,170.0,ft_meta,TRUE
COM,COM,COM,KM,CN,Comoros,850886.0,850886.0,2019.0,World Bank,-11.875001,43.872219,Sub-Saharan Africa,174.0,ft_meta,TRUE
CPV,CPV,CPV,CV,CV,Cabo Verde,549935.0,549935.0,2019.0,World Bank,16.002082,-24.013197,Sub-Saharan Africa,132.0,ft_meta,TRUE
CRI,CRI,CRI,CR,CS,Costa Rica,5047561.0,5047561.0,2019.0,World Bank,9.748917,-83.753428,Latin America & Caribbean,188.0,ft_meta,TRUE
CUB,CUB,CUB,CU,CU,Cuba,11333483.0,11333483.0,2019.0,World Bank,21.521757,-77.781167,Latin America & Caribbean,192.0,ft_meta,TRUE
CUW,CUW,CUW,CW,UC,Curaçao,157538.0,157538.0,2019.0,World Bank,12.16923,-69.001715,Latin America & Caribbean,531.0,ft_meta,TRUE
CXR,CXR,CXR,CX,KT,Christmas Island,1843.0,1843.0,2016.0,Australian Bureau of Statistics,-10.48086,105.629686,,162.0,ft_meta,FALSE
CYM,CYM,CYM,KY,CJ,Cayman Islands,64948.0,64948.0,2019.0,World Bank,19.513469,-80.566956,Latin America & Caribbean,136.0,ft_meta,TRUE
CYP,CYP,CYP,CY,CY,Cyprus,875900.0,875900.0,2018.0,Statistical Service of Cyprus,34.9348,33.026861,Europe & Central Asia,196.0,ft_meta,TRUE
CZE,CZE,CZE,CZ,EZ,Czech Republic,10669709.0,10669709.0,2019.0,World Bank,49.817492,15.472962,Europe & Central Asia,203.0,ft_meta,TRUE
DEU,DEU,DEU,DE,GM,Germany,83132799.0,83132799.0,2019.0,World Bank,51.165691,10.451526,Europe & Central Asia,276.0,ft_meta,TRUE
DJI,DJI,DJI,DJ,DJ,Djibouti,973560.0,973560.0,2019.0,World Bank,11.825138,42.590275,Middle East & North Africa,262.0,ft_meta,TRUE
DMA,DMA,DMA,DM,DO,Dominica,71808.0,71808.0,2019.0,World Bank,15.414999,-61.370976,Latin America & Caribbean,212.0,ft_meta,TRUE
DNK,DNK,DNK,DK,DA,Denmark,5818553.0,5818553.0,2019.0,World Bank,56.26392,9.501785,Europe & Central Asia,208.0,ft_meta,TRUE
DOM,DOM,DOM,DO,DR,Dominican Republic,10738958.0,10738958.0,2019.0,World Bank,18.735693,-70.162651,Latin America & Caribbean,214.0,ft_meta,TRUE
DZA,DZA,DZA,DZ,AG,Algeria,43053054.0,43053054.0,2019.0,World Bank,28.033886,1.659626,Middle East & North Africa,12.0,ft_meta,TRUE
ECU,ECU,ECU,EC,EC,Ecuador,17373662.0,17373662.0,2019.0,World Bank,-1.831239,-78.183406,Latin America & Caribbean,218.0,ft_meta,TRUE
EGY,EGY,EGY,EG,EG,Egypt,100388073.0,100388073.0,2019.0,World Bank,26.820553,30.802498,Middle East & North Africa,818.0,ft_meta,TRUE
ERI,ERI,ERI,ER,ER,Eritrea,4955000.0,4955000.0,2016.0,World Health Organisation,15.179384,39.782334,Sub-Saharan Africa,232.0,ft_meta,TRUE
ESH,ESH,ESH,EH,WI,Western Sahara,597330.0,582458.0,2018.0,UN Population Division,24.661,-13.144,,732.0,ft_meta,FALSE
ESP,ESP,ESP,ES,SP,Spain,47076781.0,47076781.0,2019.0,World Bank,40.463667,-3.74922,Europe & Central Asia,724.0,ft_meta,TRUE
EST,EST,EST,EE,EN,Estonia,1326590.0,1326590.0,2019.0,World Bank,58.595272,25.013607,Europe & Central Asia,233.0,ft_meta,TRUE
ETH,ETH,ETH,ET,ET,Ethiopia,112078730.0,112078730.0,2019.0,World Bank,9.145,40.489673,Sub-Saharan Africa,231.0,ft_meta,TRUE
EUE,EUU,,,EE,European Union,,,,,,,,,ft_meta,TRUE
FIN,FIN,FIN,FI,FI,Finland,5520314.0,5520314.0,2019.0,World Bank,61.92411,25.748151,Europe & Central Asia,246.0,ft_meta,TRUE
FJI,FJI,FJI,FJ,FJ,Fiji,889953.0,889953.0,2019.0,World Bank,-16.578193,179.414413,East Asia & Pacific,242.0,ft_meta,TRUE
FLK,FLK,FLK,FK,FK,Falkland Islands,3354.0,3372.0,2018.0,UN Population Division,-51.722304,-59.462569,,238.0,ft_meta,TRUE
FRA,FRA,FRA,FR,FR,France,67059887.0,67059887.0,2019.0,World Bank,46.227638,2.213749,Europe & Central Asia,250.0,ft_meta,TRUE
FRO,FRO,FRO,FO,FO,Faroe Islands,48678.0,48678.0,2019.0,World Bank,61.892635,-6.911806,Europe & Central Asia,234.0,ft_meta,TRUE
FSM,FSM,FSM,FM,FM,Micronesia,113815.0,113815.0,2019.0,World Bank,7.425554,150.550812,East Asia & Pacific,583.0,ft_meta,TRUE
GAB,GAB,GAB,GA,GB,Gabon,2172579.0,2172579.0,2019.0,World Bank,-0.803689,11.609444,Sub-Saharan Africa,266.0,ft_meta,TRUE
GBR,GBR,GBR,GB,UK,United Kingdom,66796807.0,66796807.0,2019.0,Office for National Statistics,55.378051,-3.435973,Europe & Central Asia,826.0,ft_meta,TRUE
GEO,GEO,GEO,GE,GG,Georgia,3720382.0,3720382.0,2019.0,World Bank,42.315407,43.356892,Europe & Central Asia,268.0,ft_meta,TRUE
GGY,GGY,GGY,GG,GK,Guernsey,63124.0,63196.0,2019.0,States of Guernsey,49.447645,-2.585368,,831.0,ft_meta,TRUE
GHA,GHA,GHA,GH,GH,Ghana,30417856.0,30417856.0,2019.0,World Bank,7.946527,-1.023194,Sub-Saharan Africa,288.0,ft_meta,TRUE
GIB,GIB,GIB,GI,GI,Gibraltar,34003.0,33701.0,2019.0,World Bank,36.137741,-5.345374,Europe & Central Asia,292.0,ft_meta,TRUE
GIN,GIN,GIN,GN,GV,Guinea,12771246.0,12771246.0,2019.0,World Bank,9.945587,-9.696645,Sub-Saharan Africa,324.0,ft_meta,TRUE
GLP,GLP,GLP,GP,GP,Guadeloupe,400127.0,400048.0,2018.0,UN Population Division,16.222753,-61.571634,,312.0,ft_meta,FALSE
GMB,GMB,GMB,GM,GA,Gambia,2347706.0,2347706.0,2019.0,World Bank,13.443182,-15.310139,Sub-Saharan Africa,270.0,ft_meta,TRUE
GNB,GNB,GNB,GW,PU,Guinea-Bissau,1920922.0,1920922.0,2019.0,World Bank,11.803749,-15.180413,Sub-Saharan Africa,624.0,ft_meta,TRUE
GNQ,GNQ,GNQ,GQ,EK,Equatorial Guinea,1355986.0,1355986.0,2019.0,World Bank,1.650801,10.267895,Sub-Saharan Africa,226.0,ft_meta,TRUE
GRC,GRC,GRC,GR,GR,Greece,10716322.0,10716322.0,2019.0,World Bank,39.074208,21.824312,Europe & Central Asia,300.0,ft_meta,TRUE
GRD,GRD,GRD,GD,GJ,Grenada,112003.0,112003.0,2019.0,World Bank,12.262776,-61.604171,Latin America & Caribbean,308.0,ft_meta,TRUE
GRL,GRL,GRL,GL,GL,Greenland,56225.0,56225.0,2019.0,World Bank,71.706936,-42.604303,Europe & Central Asia,304.0,ft_meta,TRUE
GTM,GTM,GTM,GT,GT,Guatemala,16604026.0,16604026.0,2019.0,World Bank,15.783471,-90.230759,Latin America & Caribbean,320.0,ft_meta,TRUE
GUF,GUF,GUF,GF,FG,French Guiana,298682.0,290823.0,2018.0,UN Population Division,4.083738,-53.221095,,254.0,ft_meta,FALSE
GUM,GUM,GUM,GU,GQ,Guam,167294.0,167294.0,2019.0,World Bank,13.444304,144.793731,East Asia & Pacific,316.0,ft_meta,TRUE
GUY,GUY,GUY,GY,GY,Guyana,782766.0,782766.0,2019.0,World Bank,4.860416,-58.93018,Latin America & Caribbean,328.0,ft_meta,TRUE
HKG,HKG,HKG,HK,HK,Hong Kong,7507400.0,7507400.0,2019.0,World Bank,22.396428,114.109497,East Asia & Pacific,344.0,ft_meta,TRUE
HND,HND,HND,HN,HO,Honduras,9746117.0,9746117.0,2019.0,World Bank,15.199999,-86.241905,Latin America & Caribbean,340.0,ft_meta,TRUE
HRV,HRV,HRV,HR,HR,Croatia,4067500.0,4067500.0,2019.0,World Bank,45.1,15.2,Europe & Central Asia,191.0,ft_meta,TRUE
HTI,HTI,HTI,HT,HA,Haiti,11263077.0,11263077.0,2019.0,World Bank,18.971187,-72.285215,Latin America & Caribbean,332.0,ft_meta,TRUE
HUN,HUN,HUN,HU,HU,Hungary,9769949.0,9769949.0,2019.0,World Bank,47.162494,19.503304,Europe & Central Asia,348.0,ft_meta,TRUE
IDN,IDN,IDN,ID,ID,Indonesia,270625568.0,270625568.0,2019.0,World Bank,-0.789275,113.921327,East Asia & Pacific,360.0,ft_meta,TRUE
IMN,IMN,IMN,IM,IM,Isle of Man,84584.0,84584.0,2019.0,World Bank,54.236107,-4.548056,Europe & Central Asia,833.0,ft_meta,TRUE
IND,IND,IND,IN,IN,India,1366417754.0,1366417754.0,2019.0,World Bank,20.593684,78.96288,South Asia,356.0,ft_meta,TRUE
IOT,IOT,IOT,IO,IO,British Indian Ocean Territory,2500.0,2500.0,2016.0,UK Foreign and Commonwealth Office,-6.247921,72.006951,,86.0,ft_meta,FALSE
IRL,IRL,IRL,IE,EI,Ireland,4941444.0,4941444.0,2019.0,World Bank,53.41291,-8.24389,Europe & Central Asia,372.0,ft_meta,TRUE
IRN,IRN,IRN,IR,IR,Iran,82913906.0,82913906.0,2019.0,World Bank,32.427908,53.688046,Middle East & North Africa,364.0,ft_meta,TRUE
IRQ,IRQ,IRQ,IQ,IZ,Iraq,39309783.0,39309783.0,2019.0,World Bank,33.223191,43.679291,Middle East & North Africa,368.0,ft_meta,TRUE
ISL,ISL,ISL,IS,IC,Iceland,361313.0,361313.0,2019.0,World Bank,64.963051,-19.020835,Europe & Central Asia,352.0,ft_meta,TRUE
ISR,ISR,ISR,IL,IS,Israel,9053300.0,9053300.0,2019.0,World Bank,31.046051,34.851612,Middle East & North Africa,376.0,ft_meta,TRUE
ITA,ITA,ITA,IT,IT,Italy,60297396.0,60297396.0,2019.0,World Bank,41.87194,12.56738,Europe & Central Asia,380.0,ft_meta,TRUE
JAM,JAM,JAM,JM,JM,Jamaica,2948279.0,2948279.0,2019.0,World Bank,18.109581,-77.297508,Latin America & Caribbean,388.0,ft_meta,TRUE
JEY,JEY,JEY,JE,JE,Jersey,107800.0,106800.0,2018.0,Statistics Jersey,49.219954,-2.132125,,832.0,ft_meta,TRUE
JOR,JOR,JOR,JO,JO,Jordan,10101694.0,10101694.0,2019.0,World Bank,30.585164,36.238414,Middle East & North Africa,400.0,ft_meta,TRUE
JPN,JPN,JPN,JP,JA,Japan,126264931.0,126264931.0,2019.0,World Bank,36.204824,138.252924,East Asia & Pacific,392.0,ft_meta,TRUE
KAZ,KAZ,KAZ,KZ,KZ,Kazakhstan,18513930.0,18513930.0,2019.0,World Bank,48.019573,66.923684,Europe & Central Asia,398.0,ft_meta,TRUE
KEN,KEN,KEN,KE,KE,Kenya,52573973.0,52573973.0,2019.0,World Bank,-0.023559,37.906193,Sub-Saharan Africa,404.0,ft_meta,TRUE
KGZ,KGZ,KGZ,KG,KG,Kyrgyzstan,6456900.0,6456900.0,2019.0,World Bank,41.20438,74.766098,Europe & Central Asia,417.0,ft_meta,TRUE
KHM,KHM,KHM,KH,CB,Cambodia,16486542.0,16486542.0,2019.0,World Bank,12.565679,104.990963,East Asia & Pacific,116.0,ft_meta,TRUE
KIR,KIR,KIR,KI,KR,Kiribati,117606.0,117606.0,2019.0,World Bank,-3.370417,-168.734039,East Asia & Pacific,296.0,ft_meta,TRUE
KNA,KNA,KNA,KN,SC,St Kitts and Nevis,52823.0,52823.0,2019.0,World Bank,17.357822,-62.782998,Latin America & Caribbean,659.0,ft_meta,TRUE
KOR,KOR,KOR,KR,KS,South Korea,51709098.0,51709098.0,2019.0,World Bank,35.907757,127.766922,East Asia & Pacific,410.0,ft_meta,TRUE
KWT,KWT,KWT,KW,KU,Kuwait,4207083.0,4207083.0,2019.0,World Bank,29.31166,47.481766,Middle East & North Africa,414.0,ft_meta,TRUE
LAO,LAO,LAO,LA,LA,Laos,7169455.0,7169455.0,2019.0,World Bank,19.85627,102.495496,East Asia & Pacific,418.0,ft_meta,TRUE
LBN,LBN,LBN,LB,LE,Lebanon,6855713.0,6855713.0,2019.0,World Bank,33.854721,35.862285,Middle East & North Africa,422.0,ft_meta,TRUE
LBR,LBR,LBR,LR,LI,Liberia,4937374.0,4937374.0,2019.0,World Bank,6.428055,-9.429499,Sub-Saharan Africa,430.0,ft_meta,TRUE
LBY,LBY,LBY,LY,LY,Libya,6777452.0,6777452.0,2019.0,World Bank,26.3351,17.228331,Middle East & North Africa,434.0,ft_meta,TRUE
LCA,LCA,LCA,LC,ST,St Lucia,182790.0,182790.0,2019.0,World Bank,13.909444,-60.978893,Latin America & Caribbean,662.0,ft_meta,TRUE
LIE,LIE,LIE,LI,LS,Liechtenstein,38019.0,38019.0,2019.0,World Bank,47.166,9.555373,Europe & Central Asia,438.0,ft_meta,TRUE
LKA,LKA,LKA,LK,CE,Sri Lanka,21803000.0,21803000.0,2019.0,World Bank,7.873054,80.771797,South Asia,144.0,ft_meta,TRUE
LSO,LSO,LSO,LS,LT,Lesotho,2125268.0,2125268.0,2019.0,World Bank,-29.609988,28.233608,Sub-Saharan Africa,426.0,ft_meta,TRUE
LTU,LTU,LTU,LT,LH,Lithuania,2786844.0,2786844.0,2019.0,World Bank,55.169438,23.881275,Europe & Central Asia,440.0,ft_meta,TRUE
LUX,LUX,LUX,LU,LU,Luxembourg,619896.0,619896.0,2019.0,World Bank,49.815273,6.129583,Europe & Central Asia,442.0,ft_meta,TRUE
LVA,LVA,LVA,LV,LG,Latvia,1912789.0,1912789.0,2019.0,World Bank,56.879635,24.603189,Europe & Central Asia,428.0,ft_meta,TRUE
MAC,MAC,MAC,MO,MC,Macau,640445.0,640445.0,2019.0,World Bank,22.198745,113.543873,East Asia & Pacific,446.0,ft_meta,TRUE
MAF,MAF,MAF,MF,RN,St Martin,38002.0,38002.0,2019.0,World Bank,18.089534,-63.053857,Latin America & Caribbean,663.0,ft_meta,FALSE
MAR,MAR,MAR,MA,MO,Morocco,36471769.0,36471769.0,2019.0,World Bank,31.791702,-7.09262,Middle East & North Africa,504.0,ft_meta,TRUE
MCO,MCO,MCO,MC,MN,Monaco,38964.0,38964.0,2019.0,World Bank,43.750298,7.412841,Europe & Central Asia,492.0,ft_meta,TRUE
MDA,MDA,MDA,MD,MD,Moldova,2734000.0,2734000.0,2019.0,Moldova National Bureau of Statistics,47.411631,28.369885,Europe & Central Asia,498.0,ft_meta,TRUE
MDG,MDG,MDG,MG,MA,Madagascar,26969307.0,26969307.0,2019.0,World Bank,-18.766947,46.869107,Sub-Saharan Africa,450.0,ft_meta,TRUE
MDV,MDV,MDV,MV,MV,Maldives,530953.0,530953.0,2019.0,World Bank,3.202778,73.22068,South Asia,462.0,ft_meta,TRUE
MEX,MEX,MEX,MX,MX,Mexico,127575529.0,127575529.0,2019.0,World Bank,23.634501,-102.552784,Latin America & Caribbean,484.0,ft_meta,TRUE
MHL,MHL,MHL,MH,RM,Marshall Islands,58791.0,58791.0,2019.0,World Bank,7.131474,171.184478,East Asia & Pacific,584.0,ft_meta,TRUE
MKD,MKD,MKD,MK,MK,North Macedonia,2083459.0,2083459.0,2019.0,World Bank,41.608635,21.745275,Europe & Central Asia,807.0,ft_meta,TRUE
MLI,MLI,MLI,ML,ML,Mali,19658031.0,19658031.0,2019.0,World Bank,17.570692,-3.996166,Sub-Saharan Africa,466.0,ft_meta,TRUE
MLT,MLT,MLT,MT,MT,Malta,502653.0,502653.0,2019.0,World Bank,35.937496,14.375416,Middle East & North Africa,470.0,ft_meta,TRUE
MMR,MMR,MMR,MM,BM,Myanmar,54045420.0,54045420.0,2019.0,World Bank,21.913965,95.956223,East Asia & Pacific,104.0,ft_meta,TRUE
MNE,MNE,MNE,ME,MJ,Montenegro,622137.0,622137.0,2019.0,World Bank,42.708678,19.37439,Europe & Central Asia,499.0,ft_meta,TRUE
MNG,MNG,MNG,MN,MG,Mongolia,3225167.0,3225167.0,2019.0,World Bank,46.862496,103.846656,East Asia & Pacific,496.0,ft_meta,TRUE
MNP,MNP,MNP,MP,CQ,Northern Mariana Islands,57216.0,57216.0,2019.0,World Bank,17.33083,145.38469,East Asia & Pacific,580.0,ft_meta,TRUE
MOZ,MOZ,MOZ,MZ,MZ,Mozambique,30366036.0,30366036.0,2019.0,World Bank,-18.665695,35.529562,Sub-Saharan Africa,508.0,ft_meta,TRUE
MRT,MRT,MRT,MR,MR,Mauritania,4525696.0,4525696.0,2019.0,World Bank,21.00789,-10.940835,Sub-Saharan Africa,478.0,ft_meta,TRUE
MSR,MSR,MSR,MS,MH,Montserrat,4999.0,4991.0,2018.0,UN Population Division,16.739635,-62.195867,,500.0,ft_meta,TRUE
MTQ,MTQ,MTQ,MQ,MB,Martinique,375265.0,375557.0,2018.0,UN Population Division,14.651194,-61.024811,,474.0,ft_meta,FALSE
MUS,MUS,MUS,MU,MP,Mauritius,1265711.0,1265711.0,2019.0,World Bank,-20.348404,57.552152,Sub-Saharan Africa,480.0,ft_meta,TRUE
MWI,MWI,MWI,MW,MI,Malawi,18628747.0,18628747.0,2019.0,World Bank,-13.254308,34.301525,Sub-Saharan Africa,454.0,ft_meta,TRUE
MYS,MYS,MYS,MY,MY,Malaysia,31949777.0,31949777.0,2019.0,World Bank,4.210484,101.975766,East Asia & Pacific,458.0,ft_meta,TRUE
MYT,MYT,MYT,YT,MF,Mayotte,272813.0,266153.0,2018.0,UN Population Division,-12.820033,45.129995,,175.0,ft_meta,FALSE
NAM,NAM,NAM,,WA,Namibia,2494530.0,2494530.0,2019.0,World Bank,-22.95764,18.49041,Sub-Saharan Africa,516.0,ft_meta,TRUE
NCL,NCL,NCL,NC,NC,New Caledonia,287800.0,287800.0,2019.0,World Bank,-20.904305,165.618042,East Asia & Pacific,540.0,ft_meta,TRUE
NER,NER,NER,NE,NG,Niger,23310715.0,23310715.0,2019.0,World Bank,17.607789,8.081666,Sub-Saharan Africa,562.0,ft_meta,TRUE
NFK,NFK,NFK,NF,NF,Norfolk Island,1748.0,1748.0,2016.0,Australian Bureau of Statistics,-29.039113,167.953822,,574.0,ft_meta,FALSE
NGA,NGA,NGA,NG,NI,Nigeria,200963599.0,200963599.0,2019.0,World Bank,9.081999,8.675277,Sub-Saharan Africa,566.0,ft_meta,TRUE
NIC,NIC,NIC,NI,NU,Nicaragua,6545502.0,6545502.0,2019.0,World Bank,12.865416,-85.207229,Latin America & Caribbean,558.0,ft_meta,TRUE
NIU,NIU,NIU,NU,NE,Niue,1618.0,1614.0,2018.0,UN Population Division,-19.050513,-169.857401,,570.0,ft_meta,TRUE
NLD,NLD,NLD,NL,NL,Netherlands,17332850.0,17332850.0,2019.0,World Bank,52.132633,5.291266,Europe & Central Asia,528.0,ft_meta,TRUE
NOR,NOR,NOR,NO,NO,Norway,5347896.0,5347896.0,2019.0,World Bank,60.472024,8.468946,Europe & Central Asia,578.0,ft_meta,TRUE
NPL,NPL,NPL,NP,NP,Nepal,28608710.0,28608710.0,2019.0,World Bank,28.394857,84.124008,South Asia,524.0,ft_meta,TRUE
NRU,NRU,NRU,NR,NR,Nauru,12581.0,12581.0,2019.0,World Bank,-0.522778,166.931503,East Asia & Pacific,520.0,ft_meta,TRUE
NZL,NZL,NZL,NZ,NZ,New Zealand,4917000.0,4917000.0,2019.0,World Bank,-40.900557,174.885971,East Asia & Pacific,554.0,ft_meta,TRUE
OMN,OMN,OMN,OM,MU,Oman,4974986.0,4974986.0,2019.0,World Bank,21.512583,55.923255,Middle East & North Africa,512.0,ft_meta,TRUE
PAK,PAK,PAK,PK,PK,Pakistan,216565318.0,216565318.0,2019.0,World Bank,30.375321,69.345116,South Asia,586.0,ft_meta,TRUE
PAN,PAN,PAN,PA,PM,Panama,4246439.0,4246439.0,2019.0,World Bank,8.537981,-80.782127,Latin America & Caribbean,591.0,ft_meta,TRUE
PCN,PCN,PCN,PN,PC,Pitcairn,54.0,54.0,2016.0,UK Foreign and Commonwealth Office,-25.068911,-130.1046,,612.0,ft_meta,TRUE
PER,PER,PER,PE,PE,Peru,32510453.0,32510453.0,2019.0,World Bank,-9.189967,-75.015152,Latin America & Caribbean,604.0,ft_meta,TRUE
PHL,PHL,PHL,PH,RP,Philippines,108116615.0,108116615.0,2019.0,World Bank,12.879721,121.774017,East Asia & Pacific,608.0,ft_meta,TRUE
PLW,PLW,PLW,PW,PS,Palau,18008.0,18008.0,2019.0,World Bank,7.51498,134.58252,East Asia & Pacific,585.0,ft_meta,TRUE
PNG,PNG,PNG,PG,PP,Papua New Guinea,8776109.0,8776109.0,2019.0,World Bank,-6.314993,143.95555,East Asia & Pacific,598.0,ft_meta,TRUE
POL,POL,POL,PL,PL,Poland,37970874.0,37970874.0,2019.0,World Bank,51.919438,19.145136,Europe & Central Asia,616.0,ft_meta,TRUE
PRI,PRI,PRI,PR,RQ,Puerto Rico,3193694.0,3193694.0,2019.0,World Bank,18.220833,-66.590149,Latin America & Caribbean,630.0,ft_meta,TRUE
PRK,PRK,PRK,KP,KN,North Korea,25666161.0,25666161.0,2019.0,World Bank,40.339852,127.510093,East Asia & Pacific,408.0,ft_meta,TRUE
PRT,PRT,PRT,PT,PO,Portugal,10269417.0,10269417.0,2019.0,World Bank,39.399872,-8.224454,Europe & Central Asia,620.0,ft_meta,TRUE
PRY,PRY,PRY,PY,PA,Paraguay,7044636.0,7044636.0,2019.0,World Bank,-23.442503,-58.443832,Latin America & Caribbean,600.0,ft_meta,TRUE
PSE,PSE,PSE,PS,WE,Palestinian territories,4685306.0,4685306.0,2019.0,World Bank,31.354676,34.308825,Middle East & North Africa,275.0,ft_meta,TRUE
PYF,PYF,PYF,PF,FP,French Polynesia,279287.0,279287.0,2019.0,World Bank,-17.679742,-149.406843,East Asia & Pacific,258.0,ft_meta,TRUE
QAT,QAT,QAT,QA,QA,Qatar,2832067.0,2832067.0,2019.0,World Bank,25.354826,51.183884,Middle East & North Africa,634.0,ft_meta,TRUE
REU,REU,REU,RE,RE,Réunion,895308.0,888932.0,2018.0,UN Population Division,-21.124864,55.52795,,638.0,ft_meta,FALSE
ROU,ROU,ROU,RO,RO,Romania,19356544.0,19356544.0,2019.0,World Bank,45.943161,24.96676,Europe & Central Asia,642.0,ft_meta,TRUE
RUS,RUS,RUS,RU,RS,Russia,144373535.0,144373535.0,2019.0,World Bank,61.52401,105.318756,Europe & Central Asia,643.0,ft_meta,TRUE
RWA,RWA,RWA,RW,RW,Rwanda,12626950.0,12626950.0,2019.0,World Bank,-1.940278,29.873888,Sub-Saharan Africa,646.0,ft_meta,TRUE
SAU,SAU,SAU,SA,SA,Saudi Arabia,34268528.0,34268528.0,2019.0,World Bank,23.885942,45.079162,Middle East & North Africa,682.0,ft_meta,TRUE
SDN,SDN,SDN,SD,SU,Sudan,42813238.0,42813238.0,2019.0,World Bank,12.862807,30.217636,Sub-Saharan Africa,729.0,ft_meta,TRUE
SEN,SEN,SEN,SN,SG,Senegal,16296364.0,16296364.0,2019.0,World Bank,14.497401,-14.452362,Sub-Saharan Africa,686.0,ft_meta,TRUE
SGP,SGP,SGP,SG,SN,Singapore,5703569.0,5703569.0,2019.0,World Bank,1.352083,103.819836,East Asia & Pacific,702.0,ft_meta,TRUE
SGS,SGS,SGS,GS,SX,South Georgia and the South Sandwich Islands,16.0,16.0,2016.0,Government of the South Georgia & the South Sandwich Islands,-54.3685,-36.718541,,239.0,ft_meta,FALSE
SHN,SHN,SHN,SH,SH,"St Helena, Ascension and Tristan da Cunha",5559.0,5711.0,2020.0,St Helena Statistics Office,,,,654.0,ft_meta,FALSE
SJM,SJM,SJM,SJ,SV,Svalbard and Jan Mayen,2428.0,2428.0,2020.0,Statistics Norway,77.223294,14.95699,,744.0,ft_meta,FALSE
SLB,SLB,SLB,SB,BP,Solomon Islands,669823.0,669823.0,2019.0,World Bank,-9.64571,160.156194,East Asia & Pacific,90.0,ft_meta,TRUE
SLE,SLE,SLE,SL,SL,Sierra Leone,7813215.0,7813215.0,2019.0,World Bank,8.460555,-11.779889,Sub-Saharan Africa,694.0,ft_meta,TRUE
SLV,SLV,SLV,SV,ES,El Salvador,6453553.0,6453553.0,2019.0,World Bank,13.794185,-88.89653,Latin America & Caribbean,222.0,ft_meta,TRUE
SMR,SMR,SMR,SM,SM,San Marino,33860.0,33860.0,2019.0,World Bank,43.94236,12.457777,Europe & Central Asia,674.0,ft_meta,TRUE
SOM,SOM,SOM,SO,SO,Somalia,15442905.0,15442905.0,2019.0,World Bank,5.152149,46.199616,Sub-Saharan Africa,706.0,ft_meta,TRUE
SPM,SPM,SPM,PM,SB,St Pierre and Miquelon,5795.0,5821.0,2018.0,UN Population Division,46.935208,-56.322281,,666.0,ft_meta,FALSE
SRB,SRB,SRB,RS,RI,Serbia,6944975.0,6944975.0,2019.0,World Bank,44.016521,21.005859,Europe & Central Asia,688.0,ft_meta,TRUE
SSD,SSD,SSD,SS,OD,South Sudan,11062113.0,11062113.0,2019.0,World Bank,7.44664,29.831393,Sub-Saharan Africa,728.0,ft_meta,TRUE
STP,STP,STP,ST,TP,São Tomé and Príncipe,215056.0,215056.0,2019.0,World Bank,0.18636,6.613081,Sub-Saharan Africa,678.0,ft_meta,TRUE
SUR,SUR,SUR,SR,NS,Suriname,581372.0,581372.0,2019.0,World Bank,3.919305,-56.027783,Latin America & Caribbean,740.0,ft_meta,TRUE
SVK,SVK,SVK,SK,LO,Slovakia,5454073.0,5454073.0,2019.0,World Bank,48.669026,19.699024,Europe & Central Asia,703.0,ft_meta,TRUE
SVN,SVN,SVN,SI,SI,Slovenia,2087946.0,2087946.0,2019.0,World Bank,46.151241,14.995463,Europe & Central Asia,705.0,ft_meta,TRUE
SWE,SWE,SWE,SE,SW,Sweden,10285453.0,10285453.0,2019.0,World Bank,60.128161,18.643501,Europe & Central Asia,752.0,ft_meta,TRUE
SWZ,SWZ,SWZ,SZ,WZ,Eswatini,1148130.0,1148130.0,2019.0,World Bank,-26.522503,31.465866,Sub-Saharan Africa,748.0,ft_meta,TRUE
SXM,SXM,SXM,SX,NN,Sint Maarten,40733.0,40733.0,2019.0,World Bank,18.039243,-63.059446,Latin America & Caribbean,534.0,ft_meta,TRUE
SYC,SYC,SYC,SC,SE,Seychelles,97625.0,97625.0,2019.0,World Bank,-4.679574,55.491977,Sub-Saharan Africa,690.0,ft_meta,TRUE
SYR,SYR,SYR,SY,SY,Syria,17070135.0,17070135.0,2019.0,World Bank,34.802075,38.996815,Middle East & North Africa,760.0,ft_meta,TRUE
TCA,TCA,TCA,TC,TK,Turks and Caicos Islands,38191.0,38191.0,2019.0,World Bank,21.694025,-71.797928,Latin America & Caribbean,796.0,ft_meta,TRUE
TCD,TCD,TCD,TD,CD,Chad,15946876.0,15946876.0,2019.0,World Bank,15.454166,18.732207,Sub-Saharan Africa,148.0,ft_meta,TRUE
TGO,TGO,TGO,TG,TO,Togo,8082366.0,8082366.0,2019.0,World Bank,8.619543,0.824782,Sub-Saharan Africa,768.0,ft_meta,TRUE
THA,THA,THA,TH,TH,Thailand,69625582.0,69625582.0,2019.0,World Bank,15.870032,100.992541,East Asia & Pacific,764.0,ft_meta,TRUE
TJK,TJK,TJK,TJ,TI,Tajikistan,9321018.0,9321018.0,2019.0,World Bank,38.861034,71.276093,Europe & Central Asia,762.0,ft_meta,TRUE
TKL,TKL,TKL,TK,TL,Tokelau,1350.0,1330.0,,UN Population Division,-9.194143,-171.839427,,772.0,ft_meta,TRUE
TKM,TKM,TKM,TM,TX,Turkmenistan,5942089.0,5942089.0,2019.0,World Bank,38.969719,59.556278,Europe & Central Asia,795.0,ft_meta,TRUE
TLS,TLS,TLS,TL,TT,Timor-Leste,1293119.0,1293119.0,2019.0,World Bank,-8.874217,125.727539,East Asia & Pacific,626.0,ft_meta,TRUE
TON,TON,TON,TO,TN,Tonga,104494.0,104494.0,2019.0,World Bank,-21.178986,-175.198242,East Asia & Pacific,776.0,ft_meta,TRUE
TTO,TTO,TTO,TT,TD,Trinidad and Tobago,1394973.0,1394973.0,2019.0,World Bank,10.691803,-61.222503,Latin America & Caribbean,780.0,ft_meta,TRUE
TUN,TUN,TUN,TN,TS,Tunisia,11694719.0,11694719.0,2019.0,World Bank,33.886917,9.537499,Middle East & North Africa,788.0,ft_meta,TRUE
TUR,TUR,TUR,TR,TU,Turkey,83429615.0,83429615.0,2019.0,World Bank,38.963745,35.243322,Europe & Central Asia,792.0,ft_meta,TRUE
TUV,TUV,TUV,TV,TV,Tuvalu,11646.0,11646.0,2019.0,World Bank,-7.109535,177.64933,East Asia & Pacific,798.0,ft_meta,TRUE
TWN,TWN,TWN,TW,TW,Taiwan,23596493.0,23596493.0,2020.0,National Statistics,23.69781,120.960515,,158.0,ft_meta,TRUE
TZA,TZA,TZA,TZ,TZ,Tanzania,58005463.0,58005463.0,2019.0,World Bank,-6.369028,34.888822,Sub-Saharan Africa,834.0,ft_meta,TRUE
UGA,UGA,UGA,UG,UG,Uganda,44269594.0,44269594.0,2019.0,World Bank,1.373333,32.290275,Sub-Saharan Africa,800.0,ft_meta,TRUE
UKR,UKR,UKR,UA,UP,Ukraine,44385155.0,44385155.0,2019.0,World Bank,48.379433,31.16558,Europe & Central Asia,804.0,ft_meta,TRUE
UMI,UMI,UMI,UM,–,US Minor Outlying Islands,300.0,300.0,2009.0,Wikipedia,,,,581.0,ft_meta,FALSE
URY,URY,URY,UY,UY,Uruguay,3461734.0,3461734.0,2019.0,World Bank,-32.522779,-55.765835,Latin America & Caribbean,858.0,ft_meta,TRUE
USA,USA,USA,US,US,United States,328239523.0,328239523.0,2019.0,US Census Bureau,37.09024,-95.712891,North America,840.0,ft_meta,TRUE
UZB,UZB,UZB,UZ,UZ,Uzbekistan,33580650.0,33580650.0,2019.0,World Bank,41.377491,64.585262,Europe & Central Asia,860.0,ft_meta,TRUE
VAT,VAT,VAT,VA,VT,Vatican City,246.0,246.0,2018.0,Vatican City State,41.903,12.453,,336.0,ft_meta,FALSE
VCT,VCT,VCT,VC,VC,St Vincent and the Grenadines,110589.0,110589.0,2019.0,World Bank,12.984305,-61.287228,Latin America & Caribbean,670.0,ft_meta,TRUE
VEN,VEN,VEN,VE,VE,Venezuela,28515829.0,28515829.0,2019.0,World Bank,6.42375,-66.58973,Latin America & Caribbean,862.0,ft_meta,TRUE
VGB,VGB,VGB,VG,VI,British Virgin Islands,30030.0,30030.0,2019.0,World Bank,18.420695,-64.639968,Latin America & Caribbean,92.0,ft_meta,TRUE
VIR,VIR,VIR,VI,VQ,US Virgin Islands,106631.0,106631.0,2019.0,World Bank,18.335765,-64.896335,Latin America & Caribbean,850.0,ft_meta,TRUE
VNM,VNM,VNM,VN,VM,Vietnam,96462106.0,96462106.0,2019.0,World Bank,14.058324,108.277199,East Asia & Pacific,704.0,ft_meta,TRUE
VUT,VUT,VUT,VU,NH,Vanuatu,299882.0,299882.0,2019.0,World Bank,-15.376706,166.959158,East Asia & Pacific,548.0,ft_meta,TRUE
WLF,WLF,WLF,WF,WF,Wallis and Futuna,11246.0,11436.0,2018.0,UN Population Division,-14.281098,-178.126292,,876.0,ft_meta,TRUE
WSM,WSM,WSM,WS,WS,Samoa,197097.0,197097.0,2019.0,World Bank,-13.759029,-172.104629,East Asia & Pacific,882.0,ft_meta,TRUE
YEM,YEM,YEM,YE,YM,Yemen,29161922.0,29161922.0,2019.0,World Bank,15.552727,48.516388,Middle East & North Africa,887.0,ft_meta,TRUE
ZAF,ZAF,ZAF,ZA,SF,South Africa,58558270.0,58558270.0,2019.0,World Bank,-30.559482,22.937506,Sub-Saharan Africa,710.0,ft_meta,TRUE
ZMB,ZMB,ZMB,ZM,ZA,Zambia,17861030.0,17861030.0,2019.0,World Bank,-13.133897,27.849332,Sub-Saharan Africa,894.0,ft_meta,TRUE
ZWE,ZWE,ZWE,ZW,ZI,Zimbabwe,14645468.0,14645468.0,2019.0,World Bank,-19.015438,29.154857,Sub-Saharan Africa,716.0,ft_meta,TRUE
XKX,XKX,XKX,XK,KV,Kosovo,1794248.0,1794248.0,2019.0,World Bank,42.58956,20.951021,Europe & Central Asia,,ft_meta,TRUE
XWQ,XWK,,,WQ,Wake Island,100.0,100.0,,US Central Intelligence Agency,,,,,ft_meta,FALSE
XMQ,XMW,,,MQ,Midway Islands,40.0,40.0,2014.0,US Central Intelligence Agency,,,,,ft_meta,FALSE
XPF,XPR,,,PF,Paracel Islands,1440.0,1440.0,2014.0,US Central Intelligence Agency,,,,,ft_meta,FALSE
XGZ,XGZ,,,GZ,Gaza,1918221.0,1918221.0,2020.0,US Central Intelligence Agency,,,,,ft_meta,FALSE
XWE,XWB,,,,West Bank,2900034.0,2900034.0,,US Central Intelligence Agency,,,,,ft_meta,FALSE
XXC,XXC,,XC,,northern Cyprus,372486.0,322674.0,2018.0,FT calculation (Cyprus total estimage minus Republic of Cyprus),35.272232,33.606854,,,ft_meta,TRUE
XC1,SBA,,,,Akrotiri and Dhekelia,18195.0,,,,,,,,ft_meta,FALSE
XG1,XG1,,,,St Helena,4527.0,,,,-15.95990492,-5.706820021,,,ft_meta,TRUE
XG2,ASC,,,,Ascension,806.0,,,,-7.933333,-14.416667,,,ft_meta,TRUE
XG3,TAA,,,,Tristan da Cunha,243.0,,,,-37.11017724,-12.28861152,,,ft_meta,TRUE
XN1,XN1,,,,Bonaire,20915.0,,,,12.183333,-68.25,,,ft_meta,TRUE
XN2,XN2,,,,Saba,1933.0,,,,17.6325,-63.2375,,,ft_meta,TRUE
XN3,XN3,,,,Sint Eustatius,3139.0,,,,17.4889,-62.9759,,,ft_meta,TRUE
XP1,XP1,,,,Portugal (Continental),9798859.0,,,,,,,,ft_meta,FALSE
XP2,XP2,,,,Azores (Portugal),242796.0,,,,,,,,ft_meta,FALSE
XP3,XP3,,,,Madiera (Portugal),254254.0,,,,,,,,ft_meta,FALSE
XXN,XXN,,,,Artsakh,150932.0,,,,,,,,ft_meta,FALSE
XXS,XXS,,,,Somaliland,3500000.0,,,,,,,,ft_meta,FALSE
XAF,XAF,,,,Africa,,,,,,,,,ft_vac,TRUE
XAS,XAS,,,,Asia,,,,,,,,,ft_vac,TRUE
XEU,XEU,,,,Europe,,,,,,,,,ft_vac,TRUE
XOC,XOC,,,,Oceania,,,,,,,,,ft_vac,TRUE
XLA,XLA,,,,Latam and Caribbean,,,,,,,,,ft_vac,TRUE
XME,XME,,,,Middle East,,,,,,,,,ft_vac,TRUE
XNA,XNA,,,,Northern America,,,,,,,,,ft_vac,TRUE
ZG7,ZG7,,,,G7,,,,,,,,,ft_meta,TRUE
ATF,ATF,ATF,TF,FS,French Southern Territories,,0.0,,French Southern and Antarctic Lands,,,,260.0,ft_meta_old,FALSE
BVT,BVT,BVT,BV,BV,Bouvet Island,,0.0,,Wikipedia,-54.420701,3.346504,,74.0,ft_meta_old,FALSE
HMD,HMD,HMD,HM,HM,Heard Island and McDonald Islands,,0.0,2020.0,Wikipedia,-53.088926,73.511232,,334.0,ft_meta_old,FALSE
CPT,CPT,,,IP,Clipperton Island,,0.0,,US Central Intelligence Agency,,,,,ft_meta_old,FALSE
XAC,XAC,,,AT,Ashmore and Cartier Islands,,0.0,,US Central Intelligence Agency,,,,,ft_meta_old,FALSE
XCS,XCS,,,CR,Coral Sea Islands,,0.0,2017.0,US Central Intelligence Agency,,,,,ft_meta_old,FALSE
XJM,XJM,,,JN,Jan Mayen,,0.0,,US Central Intelligence Agency,,,,,ft_meta_old,FALSE
XKR,XKR,,,KQ,Kingman Reef,,0.0,,US Central Intelligence Agency,,,,,ft_meta_old,FALSE
XQZ,XQZ,,,AX,Akrotiri,,,,,34.592284,32.983007,,,ft_meta_old,FALSE
XSP,XSP,,,PG,Spratly Islands,,0.0,,US Central Intelligence Agency,,,,,ft_meta_old,FALSE
XSV,XSV,,,SV,Svalbard,,2428.0,2020.0,Statistics Norway,,,,,ft_meta_old,FALSE
XXD,XXD,,,DX,Dhekelia,,,,,34.991198,33.73312,,,ft_meta_old,FALSE